work;work_label;title;work_urn_cts;work_urn_cts_uri_label;work_urn_cts_type;work_conception;person;name;person_urn_cts;person_urn_cts_label;person_urn_cts_type;name_label;title_label
http://purl.org/hucit/kb/works/9087;Apollodore, Library of Greek mythology :: urn:cts:greekLit:tlg0548.tlg001;http://purl.org/hucit/kb/works/9087/title;http://purl.org/hucit/kb/works/9087/cts_urn;urn:cts:greekLit:tlg0548.tlg001;http://purl.org/hucit/kb/types/CTS_URN;http://purl.org/hucit/kb/works/9087/creation_event;http://purl.org/hucit/kb/authors/2847;http://purl.org/hucit/kb/authors/2847/name;http://purl.org/hucit/kb/authors/2847/cts_urn;urn:cts:greekLit:tlg0548;http://purl.org/hucit/kb/types/CTS_URN;Apollodoros der Grammatiker;Biblioteca
http://purl.org/hucit/kb/works/9087;Apollodore, Library of Greek mythology :: urn:cts:greekLit:tlg0548.tlg001;http://purl.org/hucit/kb/works/9087/title;http://purl.org/hucit/kb/works/9087/cts_urn;urn:cts:greekLit:tlg0548.tlg001;http://purl.org/hucit/kb/types/CTS_URN;http://purl.org/hucit/kb/works/9087/creation_event;http://purl.org/hucit/kb/authors/2847;http://purl.org/hucit/kb/authors/2847/name;http://purl.org/hucit/kb/authors/2847/cts_urn;urn:cts:greekLit:tlg0548;http://purl.org/hucit/kb/types/CTS_URN;Apollodoros;"Biblioteca""work"
http://purl.org/hucit/kb/works/1557;Apollonius Of Rhodes, The Argonautics :: urn:cts:greekLit:tlg0001.tlg001;http://purl.org/hucit/kb/works/1557/title;http://purl.org/hucit/kb/works/1557/cts_urn;urn:cts:greekLit:tlg0001.tlg001;http://purl.org/hucit/kb/types/CTS_URN;http://purl.org/hucit/kb/works/1557/creation_event;http://purl.org/hucit/kb/authors/751;http://purl.org/hucit/kb/authors/751/name;http://purl.org/hucit/kb/authors/751/cts_urn;urn:cts:greekLit:tlg0001;http://purl.org/hucit/kb/types/CTS_URN;Apollonio;Le Argonautiche
http://purl.org/hucit/kb/works/1557;Apollonius Of Rhodes, The Argonautics :: urn:cts:greekLit:tlg0001.tlg001;http://purl.org/hucit/kb/works/1557/title;http://purl.org/hucit/kb/works/1557/cts_urn;urn:cts:greekLit:tlg0001.tlg001;http://purl.org/hucit/kb/types/CTS_URN;http://purl.org/hucit/kb/works/1557/creation_event;http://purl.org/hucit/kb/authors/751;http://purl.org/hucit/kb/authors/751/name;http://purl.org/hucit/kb/authors/751/cts_urn;urn:cts:greekLit:tlg0001;http://purl.org/hucit/kb/types/CTS_URN;Apollonios de Rhodes;Le Argonautiche
http://purl.org/hucit/kb/works/1557;Apollonius Of Rhodes, The Argonautics :: urn:cts:greekLit:tlg0001.tlg001;http://purl.org/hucit/kb/works/1557/title;http://purl.org/hucit/kb/works/1557/cts_urn;urn:cts:greekLit:tlg0001.tlg001;http://purl.org/hucit/kb/types/CTS_URN;http://purl.org/hucit/kb/works/1557/creation_event;http://purl.org/hucit/kb/authors/751;http://purl.org/hucit/kb/authors/751/name;http://purl.org/hucit/kb/authors/751/cts_urn;urn:cts:greekLit:tlg0001;http://purl.org/hucit/kb/types/CTS_URN;Apollonios;Le Argonautiche
http://purl.org/hucit/kb/works/1557;Apollonius Of Rhodes, The Argonautics :: urn:cts:greekLit:tlg0001.tlg001;http://purl.org/hucit/kb/works/1557/title;http://purl.org/hucit/kb/works/1557/cts_urn;urn:cts:greekLit:tlg0001.tlg001;http://purl.org/hucit/kb/types/CTS_URN;http://purl.org/hucit/kb/works/1557/creation_event;http://purl.org/hucit/kb/authors/751;http://purl.org/hucit/kb/authors/751/name;http://purl.org/hucit/kb/authors/751/cts_urn;urn:cts:greekLit:tlg0001;http://purl.org/hucit/kb/types/CTS_URN;Apollonios von Rhodos;"Le Argonautiche""work"
http://purl.org/hucit/kb/works/2691;Herodotus, Histories :: urn:cts:greekLit:tlg0016.tlg001;http://purl.org/hucit/kb/works/2691/title;http://purl.org/hucit/kb/works/2691/cts_urn;urn:cts:greekLit:tlg0016.tlg001;http://purl.org/hucit/kb/types/CTS_URN;http://purl.org/hucit/kb/works/2691/creation_event;http://purl.org/hucit/kb/authors/915;http://purl.org/hucit/kb/authors/915/name;http://purl.org/hucit/kb/authors/915/cts_urn;urn:cts:greekLit:tlg0016;http://purl.org/hucit/kb/types/CTS_URN;Erodoto;Storie
http://purl.org/hucit/kb/works/2691;Herodotus, Histories :: urn:cts:greekLit:tlg0016.tlg001;http://purl.org/hucit/kb/works/2691/title;http://purl.org/hucit/kb/works/2691/cts_urn;urn:cts:greekLit:tlg0016.tlg001;http://purl.org/hucit/kb/types/CTS_URN;http://purl.org/hucit/kb/works/2691/creation_event;http://purl.org/hucit/kb/authors/915;http://purl.org/hucit/kb/authors/915/name;http://purl.org/hucit/kb/authors/915/cts_urn;urn:cts:greekLit:tlg0016;http://purl.org/hucit/kb/types/CTS_URN;Erodoto;Histories
http://purl.org/hucit/kb/works/2691;Herodotus, Histories :: urn:cts:greekLit:tlg0016.tlg001;http://purl.org/hucit/kb/works/2691/title;http://purl.org/hucit/kb/works/2691/cts_urn;urn:cts:greekLit:tlg0016.tlg001;http://purl.org/hucit/kb/types/CTS_URN;http://purl.org/hucit/kb/works/2691/creation_event;http://purl.org/hucit/kb/authors/915;http://purl.org/hucit/kb/authors/915/name;http://purl.org/hucit/kb/authors/915/cts_urn;urn:cts:greekLit:tlg0016;http://purl.org/hucit/kb/types/CTS_URN;Erodoto;"Historien""work"
http://purl.org/hucit/kb/works/2303;Euripide, Phoenician Women :: urn:cts:greekLit:tlg0006.tlg015;http://purl.org/hucit/kb/works/2303/title;http://purl.org/hucit/kb/works/2303/cts_urn;urn:cts:greekLit:tlg0006.tlg015;http://purl.org/hucit/kb/types/CTS_URN;http://purl.org/hucit/kb/works/2303/creation_event;http://purl.org/hucit/kb/authors/869;http://purl.org/hucit/kb/authors/869/name;http://purl.org/hucit/kb/authors/869/cts_urn;urn:cts:greekLit:tlg0006;http://purl.org/hucit/kb/types/CTS_URN;Euripides;Le Fenicie
http://purl.org/hucit/kb/works/2303;Euripide, Phoenician Women :: urn:cts:greekLit:tlg0006.tlg015;http://purl.org/hucit/kb/works/2303/title;http://purl.org/hucit/kb/works/2303/cts_urn;urn:cts:greekLit:tlg0006.tlg015;http://purl.org/hucit/kb/types/CTS_URN;http://purl.org/hucit/kb/works/2303/creation_event;http://purl.org/hucit/kb/authors/869;http://purl.org/hucit/kb/authors/869/name;http://purl.org/hucit/kb/authors/869/cts_urn;urn:cts:greekLit:tlg0006;http://purl.org/hucit/kb/types/CTS_URN;Euripide;"Le Fenicie""work"
http://purl.org/hucit/kb/works/2301;Euripide, Medea :: urn:cts:greekLit:tlg0006.tlg003;http://purl.org/hucit/kb/works/2301/title;http://purl.org/hucit/kb/works/2301/cts_urn;urn:cts:greekLit:tlg0006.tlg003;http://purl.org/hucit/kb/types/CTS_URN;http://purl.org/hucit/kb/works/2301/creation_event;http://purl.org/hucit/kb/authors/869;http://purl.org/hucit/kb/authors/869/name;http://purl.org/hucit/kb/authors/869/cts_urn;urn:cts:greekLit:tlg0006;http://purl.org/hucit/kb/types/CTS_URN;Euripides;Medea
http://purl.org/hucit/kb/works/2301;Euripide, Medea :: urn:cts:greekLit:tlg0006.tlg003;http://purl.org/hucit/kb/works/2301/title;http://purl.org/hucit/kb/works/2301/cts_urn;urn:cts:greekLit:tlg0006.tlg003;http://purl.org/hucit/kb/types/CTS_URN;http://purl.org/hucit/kb/works/2301/creation_event;http://purl.org/hucit/kb/authors/869;http://purl.org/hucit/kb/authors/869/name;http://purl.org/hucit/kb/authors/869/cts_urn;urn:cts:greekLit:tlg0006;http://purl.org/hucit/kb/types/CTS_URN;Euripide;"Medea""work"
http://purl.org/hucit/kb/works/2304;Euripide, Rhesus :: urn:cts:greekLit:tlg0006.tlg019;http://purl.org/hucit/kb/works/2304/title;http://purl.org/hucit/kb/works/2304/cts_urn;urn:cts:greekLit:tlg0006.tlg019;http://purl.org/hucit/kb/types/CTS_URN;http://purl.org/hucit/kb/works/2304/creation_event;http://purl.org/hucit/kb/authors/869;http://purl.org/hucit/kb/authors/869/name;http://purl.org/hucit/kb/authors/869/cts_urn;urn:cts:greekLit:tlg0006;http://purl.org/hucit/kb/types/CTS_URN;Euripides;Reso
http://purl.org/hucit/kb/works/2304;Euripide, Rhesus :: urn:cts:greekLit:tlg0006.tlg019;http://purl.org/hucit/kb/works/2304/title;http://purl.org/hucit/kb/works/2304/cts_urn;urn:cts:greekLit:tlg0006.tlg019;http://purl.org/hucit/kb/types/CTS_URN;http://purl.org/hucit/kb/works/2304/creation_event;http://purl.org/hucit/kb/authors/869;http://purl.org/hucit/kb/authors/869/name;http://purl.org/hucit/kb/authors/869/cts_urn;urn:cts:greekLit:tlg0006;http://purl.org/hucit/kb/types/CTS_URN;Euripide;"Reso""work"
http://purl.org/hucit/kb/works/1067;Hyginus, Fabulae :: urn:cts:cwkb:505.1067;http://purl.org/hucit/kb/works/1067/title;http://purl.org/hucit/kb/works/1067/cts_urn;urn:cts:cwkb:505.1067;http://purl.org/hucit/kb/types/CTS_URN;http://purl.org/hucit/kb/works/1067/creation_event;http://purl.org/hucit/kb/authors/505;http://purl.org/hucit/kb/authors/505/name;http://purl.org/hucit/kb/authors/505/cts_urn;urn:cts:cwkb:505;http://purl.org/hucit/kb/types/CTS_URN;Hyginus;Fabulae
http://purl.org/hucit/kb/works/1067;Hyginus, Fabulae :: urn:cts:cwkb:505.1067;http://purl.org/hucit/kb/works/1067/title;http://purl.org/hucit/kb/works/1067/cts_urn;urn:cts:cwkb:505.1067;http://purl.org/hucit/kb/types/CTS_URN;http://purl.org/hucit/kb/works/1067/creation_event;http://purl.org/hucit/kb/authors/505;http://purl.org/hucit/kb/authors/505/name;http://purl.org/hucit/kb/authors/505/cts_urn;urn:cts:cwkb:505;http://purl.org/hucit/kb/types/CTS_URN;Hyginus Fabularum Scriptor;Fabulae
http://purl.org/hucit/kb/works/1067;Hyginus, Fabulae :: urn:cts:cwkb:505.1067;http://purl.org/hucit/kb/works/1067/title;http://purl.org/hucit/kb/works/1067/cts_urn;urn:cts:cwkb:505.1067;http://purl.org/hucit/kb/types/CTS_URN;http://purl.org/hucit/kb/works/1067/creation_event;http://purl.org/hucit/kb/authors/505;http://purl.org/hucit/kb/authors/505/name;http://purl.org/hucit/kb/authors/505/cts_urn;urn:cts:cwkb:505;http://purl.org/hucit/kb/types/CTS_URN;Hyginus Mythographus;"Fabulae""work"
http://purl.org/hucit/kb/works/2815;Homer, Iliad :: urn:cts:greekLit:tlg0012.tlg001;http://purl.org/hucit/kb/works/2815/title;http://purl.org/hucit/kb/works/2815/cts_urn;urn:cts:greekLit:tlg0012.tlg001;http://purl.org/hucit/kb/types/CTS_URN;http://purl.org/hucit/kb/works/2815/creation_event;http://purl.org/hucit/kb/authors/927;http://purl.org/hucit/kb/authors/927/name;http://purl.org/hucit/kb/authors/927/cts_urn;urn:cts:greekLit:tlg0012;http://purl.org/hucit/kb/types/CTS_URN;Homeros;Iliade
http://purl.org/hucit/kb/works/2815;Homer, Iliad :: urn:cts:greekLit:tlg0012.tlg001;http://purl.org/hucit/kb/works/2815/title;http://purl.org/hucit/kb/works/2815/cts_urn;urn:cts:greekLit:tlg0012.tlg001;http://purl.org/hucit/kb/types/CTS_URN;http://purl.org/hucit/kb/works/2815/creation_event;http://purl.org/hucit/kb/authors/927;http://purl.org/hucit/kb/authors/927/name;http://purl.org/hucit/kb/authors/927/cts_urn;urn:cts:greekLit:tlg0012;http://purl.org/hucit/kb/types/CTS_URN;Omero;Iliade
http://purl.org/hucit/kb/works/2815;Homer, Iliad :: urn:cts:greekLit:tlg0012.tlg001;http://purl.org/hucit/kb/works/2815/title;http://purl.org/hucit/kb/works/2815/cts_urn;urn:cts:greekLit:tlg0012.tlg001;http://purl.org/hucit/kb/types/CTS_URN;http://purl.org/hucit/kb/works/2815/creation_event;http://purl.org/hucit/kb/authors/927;http://purl.org/hucit/kb/authors/927/name;http://purl.org/hucit/kb/authors/927/cts_urn;urn:cts:greekLit:tlg0012;http://purl.org/hucit/kb/types/CTS_URN;Homeros;L'Iliade
http://purl.org/hucit/kb/works/2815;Homer, Iliad :: urn:cts:greekLit:tlg0012.tlg001;http://purl.org/hucit/kb/works/2815/title;http://purl.org/hucit/kb/works/2815/cts_urn;urn:cts:greekLit:tlg0012.tlg001;http://purl.org/hucit/kb/types/CTS_URN;http://purl.org/hucit/kb/works/2815/creation_event;http://purl.org/hucit/kb/authors/927;http://purl.org/hucit/kb/authors/927/name;http://purl.org/hucit/kb/authors/927/cts_urn;urn:cts:greekLit:tlg0012;http://purl.org/hucit/kb/types/CTS_URN;Omero;"L'Iliade""work"
http://purl.org/hucit/kb/works/2816;Homer, Odyssey :: urn:cts:greekLit:tlg0012.tlg002;http://purl.org/hucit/kb/works/2816/title;http://purl.org/hucit/kb/works/2816/cts_urn;urn:cts:greekLit:tlg0012.tlg002;http://purl.org/hucit/kb/types/CTS_URN;http://purl.org/hucit/kb/works/2816/creation_event;http://purl.org/hucit/kb/authors/927;http://purl.org/hucit/kb/authors/927/name;http://purl.org/hucit/kb/authors/927/cts_urn;urn:cts:greekLit:tlg0012;http://purl.org/hucit/kb/types/CTS_URN;Omero;Odissea
http://purl.org/hucit/kb/works/2816;Homer, Odyssey :: urn:cts:greekLit:tlg0012.tlg002;http://purl.org/hucit/kb/works/2816/title;http://purl.org/hucit/kb/works/2816/cts_urn;urn:cts:greekLit:tlg0012.tlg002;http://purl.org/hucit/kb/types/CTS_URN;http://purl.org/hucit/kb/works/2816/creation_event;http://purl.org/hucit/kb/authors/927;http://purl.org/hucit/kb/authors/927/name;http://purl.org/hucit/kb/authors/927/cts_urn;urn:cts:greekLit:tlg0012;http://purl.org/hucit/kb/types/CTS_URN;Homeros;"Odissea""work"
http://purl.org/hucit/kb/works/1157;Ovid, Epistles :: urn:cts:latinLit:phi0959.phi002;http://purl.org/hucit/kb/works/1157/title;http://purl.org/hucit/kb/works/1157/cts_urn;urn:cts:latinLit:phi0959.phi002;http://purl.org/hucit/kb/types/CTS_URN;http://purl.org/hucit/kb/works/1157/creation_event;http://purl.org/hucit/kb/authors/568;http://purl.org/hucit/kb/authors/568/name;http://purl.org/hucit/kb/authors/568/cts_urn;urn:cts:cwkb:568;http://purl.org/hucit/kb/types/CTS_URN;Ovidio;Epistulae Heroidum
http://purl.org/hucit/kb/works/1157;Ovid, Epistles :: urn:cts:latinLit:phi0959.phi002;http://purl.org/hucit/kb/works/1157/title;http://purl.org/hucit/kb/works/1157/cts_urn;urn:cts:latinLit:phi0959.phi002;http://purl.org/hucit/kb/types/CTS_URN;http://purl.org/hucit/kb/works/1157/creation_event;http://purl.org/hucit/kb/authors/568;http://purl.org/hucit/kb/authors/568/name;http://purl.org/hucit/kb/authors/568/cts_urn;urn:cts:cwkb:568;http://purl.org/hucit/kb/types/CTS_URN;Publio Ovidio Nasone;Epistulae Heroidum
http://purl.org/hucit/kb/works/1157;Ovid, Epistles :: urn:cts:latinLit:phi0959.phi002;http://purl.org/hucit/kb/works/1157/title;http://purl.org/hucit/kb/works/1157/cts_urn;urn:cts:latinLit:phi0959.phi002;http://purl.org/hucit/kb/types/CTS_URN;http://purl.org/hucit/kb/works/1157/creation_event;http://purl.org/hucit/kb/authors/568;http://purl.org/hucit/kb/authors/568/name;http://purl.org/hucit/kb/authors/568/cts_urn;urn:cts:cwkb:568;http://purl.org/hucit/kb/types/CTS_URN;Publio Ovidio Nasón;"Epistulae Heroidum""work"
http://purl.org/hucit/kb/works/1162;Ovid, Festivals :: urn:cts:cwkb:568.1162;http://purl.org/hucit/kb/works/1162/title;http://purl.org/hucit/kb/works/1162/cts_urn;urn:cts:cwkb:568.1162;http://purl.org/hucit/kb/types/CTS_URN;http://purl.org/hucit/kb/works/1162/creation_event;http://purl.org/hucit/kb/authors/568;http://purl.org/hucit/kb/authors/568/name;http://purl.org/hucit/kb/authors/568/cts_urn;urn:cts:cwkb:568;http://purl.org/hucit/kb/types/CTS_URN;Publio Ovidio Nasone;Fasti
http://purl.org/hucit/kb/works/1162;Ovid, Festivals :: urn:cts:cwkb:568.1162;http://purl.org/hucit/kb/works/1162/title;http://purl.org/hucit/kb/works/1162/cts_urn;urn:cts:cwkb:568.1162;http://purl.org/hucit/kb/types/CTS_URN;http://purl.org/hucit/kb/works/1162/creation_event;http://purl.org/hucit/kb/authors/568;http://purl.org/hucit/kb/authors/568/name;http://purl.org/hucit/kb/authors/568/cts_urn;urn:cts:cwkb:568;http://purl.org/hucit/kb/types/CTS_URN;Ovidio;De fastis
http://purl.org/hucit/kb/works/1162;Ovid, Festivals :: urn:cts:cwkb:568.1162;http://purl.org/hucit/kb/works/1162/title;http://purl.org/hucit/kb/works/1162/cts_urn;urn:cts:cwkb:568.1162;http://purl.org/hucit/kb/types/CTS_URN;http://purl.org/hucit/kb/works/1162/creation_event;http://purl.org/hucit/kb/authors/568;http://purl.org/hucit/kb/authors/568/name;http://purl.org/hucit/kb/authors/568/cts_urn;urn:cts:cwkb:568;http://purl.org/hucit/kb/types/CTS_URN;Publio Ovidio Nasón;De fastis
http://purl.org/hucit/kb/works/1162;Ovid, Festivals :: urn:cts:cwkb:568.1162;http://purl.org/hucit/kb/works/1162/title;http://purl.org/hucit/kb/works/1162/cts_urn;urn:cts:cwkb:568.1162;http://purl.org/hucit/kb/types/CTS_URN;http://purl.org/hucit/kb/works/1162/creation_event;http://purl.org/hucit/kb/authors/568;http://purl.org/hucit/kb/authors/568/name;http://purl.org/hucit/kb/authors/568/cts_urn;urn:cts:cwkb:568;http://purl.org/hucit/kb/types/CTS_URN;Ovidio;Fasti
http://purl.org/hucit/kb/works/1162;Ovid, Festivals :: urn:cts:cwkb:568.1162;http://purl.org/hucit/kb/works/1162/title;http://purl.org/hucit/kb/works/1162/cts_urn;urn:cts:cwkb:568.1162;http://purl.org/hucit/kb/types/CTS_URN;http://purl.org/hucit/kb/works/1162/creation_event;http://purl.org/hucit/kb/authors/568;http://purl.org/hucit/kb/authors/568/name;http://purl.org/hucit/kb/authors/568/cts_urn;urn:cts:cwkb:568;http://purl.org/hucit/kb/types/CTS_URN;Publio Ovidio Nasón;Fasti
http://purl.org/hucit/kb/works/1162;Ovid, Festivals :: urn:cts:cwkb:568.1162;http://purl.org/hucit/kb/works/1162/title;http://purl.org/hucit/kb/works/1162/cts_urn;urn:cts:cwkb:568.1162;http://purl.org/hucit/kb/types/CTS_URN;http://purl.org/hucit/kb/works/1162/creation_event;http://purl.org/hucit/kb/authors/568;http://purl.org/hucit/kb/authors/568/name;http://purl.org/hucit/kb/authors/568/cts_urn;urn:cts:cwkb:568;http://purl.org/hucit/kb/types/CTS_URN;Publio Ovidio Nasone;"De fastis""work"
http://purl.org/hucit/kb/works/1161;Ovid, Transformations :: urn:cts:latinLit:phi0959.phi006;http://purl.org/hucit/kb/works/1161/title;http://purl.org/hucit/kb/works/1161/cts_urn;urn:cts:latinLit:phi0959.phi006;http://purl.org/hucit/kb/types/CTS_URN;http://purl.org/hucit/kb/works/1161/creation_event;http://purl.org/hucit/kb/authors/568;http://purl.org/hucit/kb/authors/568/name;http://purl.org/hucit/kb/authors/568/cts_urn;urn:cts:cwkb:568;http://purl.org/hucit/kb/types/CTS_URN;Publio Ovidio Nasone;Metamorfosi
http://purl.org/hucit/kb/works/1161;Ovid, Transformations :: urn:cts:latinLit:phi0959.phi006;http://purl.org/hucit/kb/works/1161/title;http://purl.org/hucit/kb/works/1161/cts_urn;urn:cts:latinLit:phi0959.phi006;http://purl.org/hucit/kb/types/CTS_URN;http://purl.org/hucit/kb/works/1161/creation_event;http://purl.org/hucit/kb/authors/568;http://purl.org/hucit/kb/authors/568/name;http://purl.org/hucit/kb/authors/568/cts_urn;urn:cts:cwkb:568;http://purl.org/hucit/kb/types/CTS_URN;Ovidio;Las metamorfosis
http://purl.org/hucit/kb/works/1161;Ovid, Transformations :: urn:cts:latinLit:phi0959.phi006;http://purl.org/hucit/kb/works/1161/title;http://purl.org/hucit/kb/works/1161/cts_urn;urn:cts:latinLit:phi0959.phi006;http://purl.org/hucit/kb/types/CTS_URN;http://purl.org/hucit/kb/works/1161/creation_event;http://purl.org/hucit/kb/authors/568;http://purl.org/hucit/kb/authors/568/name;http://purl.org/hucit/kb/authors/568/cts_urn;urn:cts:cwkb:568;http://purl.org/hucit/kb/types/CTS_URN;Publio Ovidio Nasón;Las metamorfosis
http://purl.org/hucit/kb/works/1161;Ovid, Transformations :: urn:cts:latinLit:phi0959.phi006;http://purl.org/hucit/kb/works/1161/title;http://purl.org/hucit/kb/works/1161/cts_urn;urn:cts:latinLit:phi0959.phi006;http://purl.org/hucit/kb/types/CTS_URN;http://purl.org/hucit/kb/works/1161/creation_event;http://purl.org/hucit/kb/authors/568;http://purl.org/hucit/kb/authors/568/name;http://purl.org/hucit/kb/authors/568/cts_urn;urn:cts:cwkb:568;http://purl.org/hucit/kb/types/CTS_URN;Ovidio;Metamorfosi
http://purl.org/hucit/kb/works/1161;Ovid, Transformations :: urn:cts:latinLit:phi0959.phi006;http://purl.org/hucit/kb/works/1161/title;http://purl.org/hucit/kb/works/1161/cts_urn;urn:cts:latinLit:phi0959.phi006;http://purl.org/hucit/kb/types/CTS_URN;http://purl.org/hucit/kb/works/1161/creation_event;http://purl.org/hucit/kb/authors/568;http://purl.org/hucit/kb/authors/568/name;http://purl.org/hucit/kb/authors/568/cts_urn;urn:cts:cwkb:568;http://purl.org/hucit/kb/types/CTS_URN;Publio Ovidio Nasón;Metamorfosi
http://purl.org/hucit/kb/works/1161;Ovid, Transformations :: urn:cts:latinLit:phi0959.phi006;http://purl.org/hucit/kb/works/1161/title;http://purl.org/hucit/kb/works/1161/cts_urn;urn:cts:latinLit:phi0959.phi006;http://purl.org/hucit/kb/types/CTS_URN;http://purl.org/hucit/kb/works/1161/creation_event;http://purl.org/hucit/kb/authors/568;http://purl.org/hucit/kb/authors/568/name;http://purl.org/hucit/kb/authors/568/cts_urn;urn:cts:cwkb:568;http://purl.org/hucit/kb/types/CTS_URN;Publio Ovidio Nasone;"Las metamorfosis""work"
http://purl.org/hucit/kb/works/3852;Quintus, Posthomerica :: urn:cts:greekLit:tlg2046.tlg001;http://purl.org/hucit/kb/works/3852/title;http://purl.org/hucit/kb/works/3852/cts_urn;urn:cts:greekLit:tlg2046.tlg001;http://purl.org/hucit/kb/types/CTS_URN;http://purl.org/hucit/kb/works/3852/creation_event;http://purl.org/hucit/kb/authors/1068;http://purl.org/hucit/kb/authors/1068/name;http://purl.org/hucit/kb/authors/1068/cts_urn;urn:cts:greekLit:tlg2046;http://purl.org/hucit/kb/types/CTS_URN;Quintus;"Posthomerica""work"
http://purl.org/hucit/kb/works/1278;Seneca The Younger, Medea :: urn:cts:cwkb:620.1278;http://purl.org/hucit/kb/works/1278/title;http://purl.org/hucit/kb/works/1278/cts_urn;urn:cts:cwkb:620.1278;http://purl.org/hucit/kb/types/CTS_URN;http://purl.org/hucit/kb/works/1278/creation_event;http://purl.org/hucit/kb/authors/620;http://purl.org/hucit/kb/authors/620/name;http://purl.org/hucit/kb/authors/620/cts_urn;urn:cts:cwkb:620;http://purl.org/hucit/kb/types/CTS_URN;Lucius Annaeus Seneca iunior Tragicus;Medea
http://purl.org/hucit/kb/works/1278;Seneca The Younger, Medea :: urn:cts:cwkb:620.1278;http://purl.org/hucit/kb/works/1278/title;http://purl.org/hucit/kb/works/1278/cts_urn;urn:cts:cwkb:620.1278;http://purl.org/hucit/kb/types/CTS_URN;http://purl.org/hucit/kb/works/1278/creation_event;http://purl.org/hucit/kb/authors/620;http://purl.org/hucit/kb/authors/620/name;http://purl.org/hucit/kb/authors/620/cts_urn;urn:cts:cwkb:620;http://purl.org/hucit/kb/types/CTS_URN;Lucius Annaeus Seneca Minor;Medea
http://purl.org/hucit/kb/works/1278;Seneca The Younger, Medea :: urn:cts:cwkb:620.1278;http://purl.org/hucit/kb/works/1278/title;http://purl.org/hucit/kb/works/1278/cts_urn;urn:cts:cwkb:620.1278;http://purl.org/hucit/kb/types/CTS_URN;http://purl.org/hucit/kb/works/1278/creation_event;http://purl.org/hucit/kb/authors/620;http://purl.org/hucit/kb/authors/620/name;http://purl.org/hucit/kb/authors/620/cts_urn;urn:cts:cwkb:620;http://purl.org/hucit/kb/types/CTS_URN;Seneca Stoischer Philosoph;Medea
http://purl.org/hucit/kb/works/1278;Seneca The Younger, Medea :: urn:cts:cwkb:620.1278;http://purl.org/hucit/kb/works/1278/title;http://purl.org/hucit/kb/works/1278/cts_urn;urn:cts:cwkb:620.1278;http://purl.org/hucit/kb/types/CTS_URN;http://purl.org/hucit/kb/works/1278/creation_event;http://purl.org/hucit/kb/authors/620;http://purl.org/hucit/kb/authors/620/name;http://purl.org/hucit/kb/authors/620/cts_urn;urn:cts:cwkb:620;http://purl.org/hucit/kb/types/CTS_URN;Lucio Anneo Seneca;Medea
http://purl.org/hucit/kb/works/1278;Seneca The Younger, Medea :: urn:cts:cwkb:620.1278;http://purl.org/hucit/kb/works/1278/title;http://purl.org/hucit/kb/works/1278/cts_urn;urn:cts:cwkb:620.1278;http://purl.org/hucit/kb/types/CTS_URN;http://purl.org/hucit/kb/works/1278/creation_event;http://purl.org/hucit/kb/authors/620;http://purl.org/hucit/kb/authors/620/name;http://purl.org/hucit/kb/authors/620/cts_urn;urn:cts:cwkb:620;http://purl.org/hucit/kb/types/CTS_URN;Seneca il giovane;Medea
http://purl.org/hucit/kb/works/1278;Seneca The Younger, Medea :: urn:cts:cwkb:620.1278;http://purl.org/hucit/kb/works/1278/title;http://purl.org/hucit/kb/works/1278/cts_urn;urn:cts:cwkb:620.1278;http://purl.org/hucit/kb/types/CTS_URN;http://purl.org/hucit/kb/works/1278/creation_event;http://purl.org/hucit/kb/authors/620;http://purl.org/hucit/kb/authors/620/name;http://purl.org/hucit/kb/authors/620/cts_urn;urn:cts:cwkb:620;http://purl.org/hucit/kb/types/CTS_URN;Lucius Annaeus Seneca iunior Philosophus;Medea
http://purl.org/hucit/kb/works/1278;Seneca The Younger, Medea :: urn:cts:cwkb:620.1278;http://purl.org/hucit/kb/works/1278/title;http://purl.org/hucit/kb/works/1278/cts_urn;urn:cts:cwkb:620.1278;http://purl.org/hucit/kb/types/CTS_URN;http://purl.org/hucit/kb/works/1278/creation_event;http://purl.org/hucit/kb/authors/620;http://purl.org/hucit/kb/authors/620/name;http://purl.org/hucit/kb/authors/620/cts_urn;urn:cts:cwkb:620;http://purl.org/hucit/kb/types/CTS_URN;L. Annaeus Seneca Iunior;Medea
http://purl.org/hucit/kb/works/1278;Seneca The Younger, Medea :: urn:cts:cwkb:620.1278;http://purl.org/hucit/kb/works/1278/title;http://purl.org/hucit/kb/works/1278/cts_urn;urn:cts:cwkb:620.1278;http://purl.org/hucit/kb/types/CTS_URN;http://purl.org/hucit/kb/works/1278/creation_event;http://purl.org/hucit/kb/authors/620;http://purl.org/hucit/kb/authors/620/name;http://purl.org/hucit/kb/authors/620/cts_urn;urn:cts:cwkb:620;http://purl.org/hucit/kb/types/CTS_URN;Lucius Annaeus Seneca iunior Rhetoris Filius;Medea
http://purl.org/hucit/kb/works/1278;Seneca The Younger, Medea :: urn:cts:cwkb:620.1278;http://purl.org/hucit/kb/works/1278/title;http://purl.org/hucit/kb/works/1278/cts_urn;urn:cts:cwkb:620.1278;http://purl.org/hucit/kb/types/CTS_URN;http://purl.org/hucit/kb/works/1278/creation_event;http://purl.org/hucit/kb/authors/620;http://purl.org/hucit/kb/authors/620/name;http://purl.org/hucit/kb/authors/620/cts_urn;urn:cts:cwkb:620;http://purl.org/hucit/kb/types/CTS_URN;Seneca der Jüngere;Medea
http://purl.org/hucit/kb/works/1278;Seneca The Younger, Medea :: urn:cts:cwkb:620.1278;http://purl.org/hucit/kb/works/1278/title;http://purl.org/hucit/kb/works/1278/cts_urn;urn:cts:cwkb:620.1278;http://purl.org/hucit/kb/types/CTS_URN;http://purl.org/hucit/kb/works/1278/creation_event;http://purl.org/hucit/kb/authors/620;http://purl.org/hucit/kb/authors/620/name;http://purl.org/hucit/kb/authors/620/cts_urn;urn:cts:cwkb:620;http://purl.org/hucit/kb/types/CTS_URN;Lucius Annaeus Seneca iunior;"Medea""work"
http://purl.org/hucit/kb/works/1310;Silius, The Second punick war between Hannibal and the Romans :: urn:cts:cwkb:630.1310;http://purl.org/hucit/kb/works/1310/title;http://purl.org/hucit/kb/works/1310/cts_urn;urn:cts:cwkb:630.1310;http://purl.org/hucit/kb/types/CTS_URN;http://purl.org/hucit/kb/works/1310/creation_event;http://purl.org/hucit/kb/authors/630;http://purl.org/hucit/kb/authors/630/name;http://purl.org/hucit/kb/authors/630/cts_urn;urn:cts:cwkb:630;http://purl.org/hucit/kb/types/CTS_URN;Tiberio Cazio Asconio Silio Italico;"Punica""work"
http://purl.org/hucit/kb/works/3897;Sophokles, Antigone :: urn:cts:greekLit:tlg0011.tlg002;http://purl.org/hucit/kb/works/3897/title;http://purl.org/hucit/kb/works/3897/cts_urn;urn:cts:greekLit:tlg0011.tlg002;http://purl.org/hucit/kb/types/CTS_URN;http://purl.org/hucit/kb/works/3897/creation_event;http://purl.org/hucit/kb/authors/1090;http://purl.org/hucit/kb/authors/1090/name;http://purl.org/hucit/kb/authors/1090/cts_urn;urn:cts:greekLit:tlg0011;http://purl.org/hucit/kb/types/CTS_URN;Sofocle;"Antigone""work"
http://purl.org/hucit/kb/works/3899;Sophokles, Oedipus at Kolonos :: urn:cts:greekLit:tlg0011.tlg007;http://purl.org/hucit/kb/works/3899/title;http://purl.org/hucit/kb/works/3899/cts_urn;urn:cts:greekLit:tlg0011.tlg007;http://purl.org/hucit/kb/types/CTS_URN;http://purl.org/hucit/kb/works/3899/creation_event;http://purl.org/hucit/kb/authors/1090;http://purl.org/hucit/kb/authors/1090/name;http://purl.org/hucit/kb/authors/1090/cts_urn;urn:cts:greekLit:tlg0011;http://purl.org/hucit/kb/types/CTS_URN;Sofocle;"Edipo a Colono""work"
http://purl.org/hucit/kb/works/3900;Sophokles, King Oedipus :: urn:cts:greekLit:tlg0011.tlg004;http://purl.org/hucit/kb/works/3900/title;http://purl.org/hucit/kb/works/3900/cts_urn;urn:cts:greekLit:tlg0011.tlg004;http://purl.org/hucit/kb/types/CTS_URN;http://purl.org/hucit/kb/works/3900/creation_event;http://purl.org/hucit/kb/authors/1090;http://purl.org/hucit/kb/authors/1090/name;http://purl.org/hucit/kb/authors/1090/cts_urn;urn:cts:greekLit:tlg0011;http://purl.org/hucit/kb/types/CTS_URN;Sofocle;"Edipo re""work"
http://purl.org/hucit/kb/works/1413;Virgil, Aeneid :: urn:cts:latinLit:phi0690.phi003;http://purl.org/hucit/kb/works/1413/title;http://purl.org/hucit/kb/works/1413/cts_urn;urn:cts:latinLit:phi0690.phi003;http://purl.org/hucit/kb/types/CTS_URN;http://purl.org/hucit/kb/works/1413/creation_event;http://purl.org/hucit/kb/authors/678;http://purl.org/hucit/kb/authors/678/name;http://purl.org/hucit/kb/authors/678/cts_urn;urn:cts:latinLit:phi0690;http://purl.org/hucit/kb/types/CTS_URN;Publio Virgilio Marón;Eneide
http://purl.org/hucit/kb/works/1413;Virgil, Aeneid :: urn:cts:latinLit:phi0690.phi003;http://purl.org/hucit/kb/works/1413/title;http://purl.org/hucit/kb/works/1413/cts_urn;urn:cts:latinLit:phi0690.phi003;http://purl.org/hucit/kb/types/CTS_URN;http://purl.org/hucit/kb/works/1413/creation_event;http://purl.org/hucit/kb/authors/678;http://purl.org/hucit/kb/authors/678/name;http://purl.org/hucit/kb/authors/678/cts_urn;urn:cts:latinLit:phi0690;http://purl.org/hucit/kb/types/CTS_URN;Publio Virgilio Marone;Eneide
